.mail.questinternet.net,questinternet.net
216.80.76.244,+1 888 972 6622
216.80.76.244,College Road East
216.80.76.244,NJ
216.80.76.244,OrgName
216.80.76.244,Princeton
216.80.76.244,RCN Abuse Department
216.80.76.244,RCN Corporation
216.80.76.244,StateProv
216.80.76.244,US
216.80.76.244,United States
216.80.76.244,abuse@rcn.com
216.80.76.244,noc@rcn.com
ftp.questinternet.net,216.80.76.244
ftp.questinternet.net,ftp.questinternet.net
ftp.questinternet.net,questinternet.net
mail.questinternet.net,.mail.questinternet.net
mail.questinternet.net,questinternet.com
mail.questinternet.net,questinternet.net
mail.questinternet.net,www.mail.questinternet.net
questinternet.net,+1 480 624 2505
questinternet.net,.questinternet.net
questinternet.net,GoDaddy.com
questinternet.net,GoDaddy.com LLC
questinternet.net,Illinois
questinternet.net,LLC
questinternet.net,Quest Network Services
questinternet.net,US
questinternet.net,VeriSign
questinternet.net,abuse@godaddy.com
questinternet.net,dns@jomax.net.
questinternet.net,email.questinternet.net
questinternet.net,ftp.questinternet.net
questinternet.net,imap.questinternet.net
questinternet.net,mail.questinternet.net
questinternet.net,ns65.domaincontrol.com
questinternet.net,ns66.domaincontrol.com
questinternet.net,pop.questinternet.net
questinternet.net,questinternet.com
questinternet.net,questinternet.net.c2.mx1.ik2.com
questinternet.net,questinternet.net.c2.mx2.ik2.io
questinternet.net,questinternet.net.c2.mx3.ik2.eu
questinternet.net,smtp.questinternet.net
questinternet.net,www.questinternet.net
questnetworkservices.com,(773) 761-3555
questnetworkservices.com,+1 480 624 2505
questnetworkservices.com,.questnetworkservices.com
questnetworkservices.com,GoDaddy.com
questnetworkservices.com,GoDaddy.com LLC
questnetworkservices.com,Illinois
questnetworkservices.com,Keith Jones
questnetworkservices.com,Kristofer Luck
questnetworkservices.com,LLC
questnetworkservices.com,Quest Network Services
questnetworkservices.com,US
questnetworkservices.com,VeriSign
questnetworkservices.com,abuse@godaddy.com
questnetworkservices.com,email.questnetworkservices.com
questnetworkservices.com,mailstore1.secureserver.net
questnetworkservices.com,ns4.wixdns.net
questnetworkservices.com,ns5.wixdns.net
questnetworkservices.com,smtp.secureserver.net
questnetworkservices.com,support@wix.com.
questnetworkservices.com,www.questnetworkservices.com
questpcs.com,+1 480 624 2505
questpcs.com,.questpcs.com
questpcs.com,GoDaddy.com
questpcs.com,GoDaddy.com LLC
questpcs.com,Illinois
questpcs.com,LLC
questpcs.com,Quest Network Services
questpcs.com,US
questpcs.com,VeriSign
questpcs.com,abuse@godaddy.com
questpcs.com,dns@jomax.net.
questpcs.com,ns59.domaincontrol.com
questpcs.com,ns60.domaincontrol.com
questpcs.com,questpcs.net
questpcs.com,www.questpcs.com
questpcs.net,+1 480 624 2505
questpcs.net,.questpcs.net
questpcs.net,GoDaddy.com
questpcs.net,GoDaddy.com LLC
questpcs.net,Illinois
questpcs.net,LLC
questpcs.net,Quest Network Services
questpcs.net,US
questpcs.net,VeriSign
questpcs.net,abuse@godaddy.com
questpcs.net,dns@jomax.net.
questpcs.net,email.questpcs.net
questpcs.net,ftp.questpcs.net
questpcs.net,mailstore1.secureserver.net
questpcs.net,ns21.domaincontrol.com
questpcs.net,ns22.domaincontrol.com
questpcs.net,questpcs.com
questpcs.net,smtp.secureserver.net
questpcs.net,www.questpcs.net
www.mail.questinternet.net,questinternet.net
www.questinternet.net,216.80.76.244
www.questinternet.net,ASP.NET
www.questinternet.net,Comcast
www.questinternet.net,GoDaddy DNS
www.questinternet.net,GoDaddy SSL
www.questinternet.net,Google Analytics
www.questinternet.net,Google Analytics: 5540389
www.questinternet.net,IIS
www.questinternet.net,IIS 6
www.questinternet.net,IIS 8
www.questinternet.net,Ip: 50.196.209.81
www.questinternet.net,Microsoft Office Web Server
www.questinternet.net,Quest Network & Computer Services
www.questinternet.net,RCN Corporation
www.questinternet.net,Wix Link
www.questinternet.net,questinternet.net
www.questinternet.net,www.questinternet.net
www.questinternet.net,www.questnetworkservices.com
www.questinternet.net,www.w3.org
www.questnetworkservices.com,185.230.61.161
